vacc_id	vacc_name	vacc_vocab	d1	d2	d3	d4	d5	d6	m1	m2	m3	m4	m5	m6
"40213291"	"diphtheria, tetanus toxoids and pertussis vaccine"	"CVX"	"diphtheria"	"tetanus"	"pertussis"				"diphtheria toxoid"	"tetanus toxoid"				
"40213190"	"trivalent poliovirus vaccine, live, oral"	"CVX"				"poliovirus"						"poliovirus live"		
"40213183"	"measles, mumps and rubella virus vaccine"	"CVX"	"measles"	"rubella"	"mumps"									
"40213168"	"measles and rubella virus vaccine"	"CVX"	"measles"	"rubella"										
"40213170"	"measles virus vaccine"	"CVX"	"measles"											
"40213223"	"rubella virus vaccine"	"CVX"		"rubella"										
"40213185"	"mumps virus vaccine"	"CVX"			"mumps"									
"40213304"	"hepatitis B vaccine, pediatric or pediatric/adolescent dosage"	"CVX"					"hepatitis b"							
"40213228"	"tetanus and diphtheria toxoids, adsorbed, preservative free, for adult use (2 Lf of tetanus toxoid and 2 Lf of diphtheria toxoid)"	"CVX"	"diphtheria"	"tetanus"					"diphtheria toxoid"	"tetanus toxoid"				
"40213160"	"poliovirus vaccine, inactivated"	"CVX"				"poliovirus"						"poliovirus inactivated"		
"40213199"	"pneumococcal conjugate vaccine, 7 valent"	"CVX"	"pneumococcal"						"pneumococcal conjugate"					
"40213246"	"typhoid Vi capsular polysaccharide vaccine"	"CVX"	"typhoid"						"typhoid polysaccharide"					
"40213293"	"DTP- Haemophilus influenzae type b conjugate and hepatitis b vaccine"	"CVX"	"diphtheria"	"tetanus"	"pertussis"		"hepatitis b"	"haemophilus influenza"						"haemophilus influenza conjugate"
"40213176"	"meningococcal C conjugate vaccine"	"CVX"	"meningococcal"						"meningococcal conjugate"					
"40213303"	"hepatitis A and hepatitis B vaccine"	"CVX"	"hepatitis a"				"hepatitis b"							
"40213249"	"vaccinia (smallpox) vaccine, diluted"	"CVX"						"smallpox"						
"40213282"	"diphtheria, tetanus toxoids and acellular pertussis vaccine, 5 pertussis antigens"	"CVX"	"diphtheria"	"tetanus"	"pertussis"				"diphtheria toxoid"	"tetanus toxoid"	"acellular pertussis"			
"40213283"	"diphtheria, tetanus toxoids and acellular pertussis vaccine, unspecified formulation"	"CVX"	"diphtheria"	"tetanus"	"pertussis"				"diphtheria toxoid"	"tetanus toxoid"	"acellular pertussis"			
"40213172"	"meningococcal ACWY vaccine, unspecified formulation"	"CVX"	"meningococcal"											
"40213202"	"pneumococcal vaccine, unspecified formulation"	"CVX"	"pneumococcal"											
"40213196"	"pertussis vaccine"	"CVX"			"pertussis"									
"40213286"	"DTaP-hepatitis B and poliovirus vaccine"	"CVX"	"diphtheria"	"tetanus"	"pertussis"	"poliovirus"	"hepatitis b"				"acellular pertussis"			
"40213149"	"influenza virus vaccine, live, attenuated, for intranasal use"	"CVX"						"influenza"						"influenza live"
"40213234"	"tetanus toxoid, unspecified formulation"	"CVX"		"tetanus"						"tetanus toxoid"				
"40213227"	"tetanus and diphtheria toxoids, adsorbed, preservative free, for adult use (5 Lf of tetanus toxoid and 2 Lf of diphtheria toxoid)"	"CVX"	"diphtheria"	"tetanus"					"diphtheria toxoid"	"tetanus toxoid"				
"40213180"	"meningococcal polysaccharide (groups A, C, Y and W-135) diphtheria toxoid conjugate vaccine (MCV4P)"	"CVX"	"meningococcal"						"meningococcal polysaccharide"					
"40213230"	"tetanus toxoid, reduced diphtheria toxoid, and acellular pertussis vaccine, adsorbed"	"CVX"	"diphtheria"	"tetanus"	"pertussis"				"diphtheria toxoid"	"tetanus toxoid"	"acellular pertussis"			
"40213217"	"rotavirus, live, pentavalent vaccine"	"CVX"	"rotavirus"						"rotavirus live"					
"40213319"	"human papilloma virus vaccine, bivalent"	"CVX"	"human papilomavirus"											
"40213216"	"rotavirus, live, monovalent vaccine"	"CVX"	"rotavirus"						"rotavirus live"					
"40213279"	"diphtheria antitoxin"	"CVX"	"diphtheria"						"diphtheria antitoxin"					
"40213288"	"diphtheria, tetanus toxoids and acellular pertussis vaccine, Haemophilus influenzae type b conjugate, and poliovirus vaccine, inactivated (DTaP-Hib-IPV)"	"CVX"	"diphtheria"	"tetanus"	"pertussis"	"poliovirus"		"haemophilus influenza"	"diphtheria toxoid"	"tetanus toxoid"	"acellular pertussis"	"poliovirus inactivated"		"haemophilus influenza conjugate"
"40213260"	"zoster vaccine, live"	"CVX"				"varicella"						"varicella live"		
"40213219"	"rotavirus vaccine, unspecified formulation"	"CVX"	"rotavirus"											
"40213140"	"influenza virus vaccine, H5N1, A/Vietnam/1203/2004 (national stockpile)"	"CVX"						"influenza"						
"40213188"	"Novel Influenza-H1N1-09, live virus for nasal administration"	"CVX"						"influenza"						"influenza live"
"40213189"	"Novel influenza-H1N1-09, preservative-free, injectable"	"CVX"						"influenza"						
"40213186"	"Novel influenza-H1N1-09, injectable"	"CVX"						"influenza"						
"40213187"	"Novel influenza-H1N1-09, all formulations"	"CVX"						"influenza"						
"40213163"	"Japanese Encephalitis vaccine, unspecified formulation"	"CVX"						"japanese encephalitis"						
"40213289"	"Diphtheria, tetanus toxoids and acellular pertussis vaccine, and poliovirus vaccine, inactivated"	"CVX"	"diphtheria"	"tetanus"	"pertussis"	"poliovirus"			"diphtheria toxoid"	"tetanus toxoid"	"acellular pertussis"	"poliovirus inactivated"		
"40213290"	"Historical diphtheria and tetanus toxoids and acellular pertussis, poliovirus, Haemophilus b conjugate and hepatitis B (recombinant) vaccine."	"CVX"	"diphtheria"	"tetanus"	"pertussis"	"poliovirus"	"hepatitis b"	"haemophilus influenza"	"diphtheria toxoid"	"tetanus toxoid"	"acellular pertussis"		"hepatitis b recombinant"	"haemophilus influenza conjugate"
"40213198"	"pneumococcal conjugate vaccine, 13 valent"	"CVX"	"pneumococcal"						"pneumococcal conjugate"					
"40213161"	"Japanese Encephalitis vaccine for intramuscular administration"	"CVX"						"japanese encephalitis"						
"40213141"	"influenza, high dose seasonal, preservative-free"	"CVX"						"influenza"						
"40213179"	"meningococcal oligosaccharide (groups A, C, Y and W-135) diphtheria toxoid conjugate vaccine (MCV4O)"	"CVX"	"meningococcal"						"meningococcal oligosaccharide"					
"40213321"	"HPV, unspecified formulation"	"CVX"	"human papilomavirus"											
"40213226"	"tetanus and diphtheria toxoids, not adsorbed, for adult use"	"CVX"	"diphtheria"	"tetanus"					"diphtheria toxoid"	"tetanus toxoid"				
"40213154"	"Influenza, seasonal, injectable, preservative free"	"CVX"						"influenza"						
"40213153"	"Influenza, seasonal, injectable"	"CVX"						"influenza"						
"40213233"	"tetanus toxoid, not adsorbed"	"CVX"		"tetanus"						"tetanus toxoid"				
"40213264"	"Adenovirus, type 4 and type 7, live, oral"	"CVX"						"adenovirus"						"adenovirus live"
"40213155"	"seasonal influenza, intradermal, preservative free"	"CVX"						"influenza"						
"40213284"	"Diphtheria and Tetanus Toxoids and Acellular Pertussis Adsorbed, Inactivated Poliovirus, Haemophilus b Conjugate (Meningococcal Protein Conjugate), and Hepatitis B (Recombinant) Vaccine."	"CVX"	"meningococcal"		"pertussis"	"poliovirus"	"hepatitis b"	"haemophilus influenza"	"meningococcal conjugate"		"acellular pertussis"	"poliovirus inactivated"	"hepatitis b recombinant"	"haemophilus influenza conjugate"
"40213178"	"Meningococcal, MCV4, unspecified conjugate formulation(groups A, C, Y and W-135)"	"CVX"	"meningococcal"						"meningococcal conjugate"					
"40213177"	"Meningococcal Groups C and Y and Haemophilus b Tetanus Toxoid Conjugate Vaccine"	"CVX"	"meningococcal"					"haemophilus influenza"	"meningococcal conjugate"					"haemophilus influenza conjugate"
"40213150"	"influenza, live, intranasal, quadrivalent"	"CVX"						"influenza"						"influenza live"
"40213156"	"influenza virus vaccine, split virus (incl. purified surface antigen)-retired CODE"	"CVX"						"influenza"						
"40213146"	"Influenza, injectable, quadrivalent, preservative free"	"CVX"						"influenza"						
"40213327"	"influenza nasal, unspecified formulation"	"CVX"						"influenza"						
"40213200"	"Pneumococcal Conjugate, unspecified formulation"	"CVX"	"pneumococcal"						"pneumococcal conjugate"					
"40213142"	"Influenza, injectable, Madin Darby Canine Kidney, preservative free"	"CVX"						"influenza"						
"40213151"	"Seasonal, trivalent, recombinant, injectable influenza vaccine, preservative free"	"CVX"						"influenza"						"influenza recomb"
"40213145"	"influenza, injectable, quadrivalent, contains preservative"	"CVX"						"influenza"						
"40213159"	"influenza virus vaccine, whole virus"	"CVX"						"influenza"						
"40213326"	"Influenza A monovalent (H5N1), adjuvanted, National stockpile 2013"	"CVX"						"influenza"						
"40213147"	"Influenza, injectable,quadrivalent, preservative free, pediatric"	"CVX"						"influenza"						
"40213174"	"meningococcal B vaccine, fully recombinant"	"CVX"	"meningococcal"						"meningococcal recombinant"					
"40213173"	"meningococcal B vaccine, recombinant, OMV, adjuvanted"	"CVX"	"meningococcal"						"meningococcal recombinant"					
"40213175"	"meningococcal B, unspecified formulation"	"CVX"	"meningococcal"											
"40213322"	"Human Papillomavirus 9-valent vaccine"	"CVX"	"human papilomavirus"											
"40213148"	"influenza, intradermal, quadrivalent, preservative free, injectable"	"CVX"						"influenza"						
"40213182"	"meningococcal vaccine of unknown formulation and unknown serogroups"	"CVX"	"meningococcal"											
"40213157"	"Seasonal trivalent influenza vaccine, adjuvanted, preservative free"	"CVX"						"influenza"						
"40213298"	"Hep A, live attenuated-IM"	"CVX"	"hepatitis a"						"hepatitis a live"					
"40213316"	"Haemophilus influenzae type b vaccine, conjugate unspecified formulation"	"CVX"						"haemophilus influenza"						"haemophilus influenza conjugate"
"40213285"	"non-US diphtheria, tetanus toxoids and acellular pertussis vaccine, Haemophilus influenzae type b conjugate, and poliovirus vaccine, inactivated (DTaP-Hib-IPV)"	"CVX"	"diphtheria"	"tetanus"	"pertussis"	"poliovirus"		"haemophilus influenza"	"diphtheria toxoid"	"tetanus toxoid"	"acellular pertussis"	"poliovirus inactivated"		"haemophilus influenza conjugate"
"40213143"	"Influenza, injectable, Madin Darby Canine Kidney, preservative free, quadrivalent"	"CVX"						"influenza"						
"40213205"	"Human Rabies vaccine from human diploid cell culture"	"CVX"	"rabies"											
"40213206"	"Human rabies vaccine from Chicken fibroblast culture"	"CVX"	"rabies"											
"40213195"	"pneumococcal conjugate vaccine, 10 valent"	"CVX"	"pneumococcal"						"pneumococcal conjugate"					
"40213192"	"Non-US bivalent oral polio vaccine (types 1 and 3)"	"CVX"				"poliovirus"								
"40213191"	"Non-US monovalent oral polio vaccine, unspecified formulation"	"CVX"				"poliovirus"								
"40213208"	"rabies vaccine, for intramuscular injection RETIRED CODE"	"CVX"	"rabies"											
"40213193"	"Oral Polio Vaccine, Unspecified formulation"	"CVX"				"poliovirus"								
"40213258"	"Yellow fever vaccine alternative formulation"	"CVX"						"yellow fever"						
"40213259"	"Yellow fever vaccine, unspecified formulation"	"CVX"						"yellow fever"						
"40213152"	"Seasonal, quadrivalent, recombinant, injectable influenza vaccine, preservative free"	"CVX"						"influenza"						"influenza recomb"
"40213144"	"Influenza, injectable, Madin Darby Canine Kidney, quadrivalent with preservative"	"CVX"						"influenza"						
"706103"	"zoster vaccine recombinant"	"CVX"				"varicella"						"varicella recombinant"		
"706104"	"zoster vaccine, unspecified formulation"	"CVX"				"varicella"								
"706105"	"Hepatitis B vaccine (recombinant), CpG adjuvanted"	"CVX"					"hepatitis b"						"hepatitis b recombinant"	
"706106"	"Typhoid conjugate vaccine (non-US)"	"CVX"	"typhoid"						"typhoid conjugate"					
"706107"	"meningococcal A polysaccharide vaccine (non-US)"	"CVX"	"meningococcal"						"meningococcal polysaccharide"					
"706108"	"meningococcal AC polysaccharide vaccine (non-US)"	"CVX"	"meningococcal"						"meningococcal polysaccharide"					
"706109"	"hepatitis A and hepatitis B vaccine, pediatric/adolescent (non-US)"	"CVX"	"hepatitis a"				"hepatitis b"							
"724893"	"influenza, Southern Hemisphere, unspecified formulation"	"CVX"						"influenza"						
"724894"	"Diphtheria, Tetanus, Poliomyelitis adsorbed"	"CVX"	"diphtheria"	"tetanus"		"poliovirus"								
"724895"	"tetanus and diphtheria toxoids, adsorbed, preservative free, for adult use, Lf unspecified"	"CVX"	"diphtheria"	"tetanus"					"diphtheria toxoid"	"tetanus toxoid"				
"724896"	"influenza, high-dose seasonal, quadrivalent, .7mL dose, preservative free"	"CVX"						"influenza"						
"724900"	"Diphtheria, pertussis, tetanus, hepatitis B, Haemophilus Influenza Type b, (Pentavalent)"	"CVX"	"diphtheria"	"tetanus"	"pertussis"		"hepatitis b"	"haemophilus influenza"						
"40213281"	"diphtheria, tetanus toxoids and acellular pertussis vaccine"	"CVX"	"diphtheria"	"tetanus"	"pertussis"				"diphtheria toxoid"	"tetanus toxoid"	"acellular pertussis"			
"724897"	"influenza, seasonal, Southern Hemisphere, quadrivalent, pediatric 0.25mL dose, preservative free"	"CVX"						"influenza"						
"724898"	"influenza, seasonal, Southern Hemisphere, quadrivalent, 0.5mL dose, no preservative"	"CVX"						"influenza"						
"724899"	"influenza, seasonal, Southern Hemisphere, quadrivalent, 0.5mL dose, with preservative"	"CVX"						"influenza"						
"724901"	"meningococcal polysaccharide (groups A, C, Y, W-135) tetanus toxoid conjugate vaccine .5mL dose, preservative free"	"CVX"	"meningococcal"						"meningococcal polysaccharide"					
"724902"	"influenza, seasonal vaccine, quadrivalent, adjuvanted, .5mL dose, preservative free"	"CVX"						"influenza"						
"724903"	"smallpox monkeypox vaccine, live attenuated, preservative free (National Stockpile)"	"CVX"						"smallpox"						
"724906"	"SARS-COV-2 (COVID-19) vaccine, mRNA, spike protein, LNP, preservative free, 100 mcg/0.5mL dose"	"CVX"	"covid-19"						"covid-19 mRNA"					
"724907"	"SARS-COV-2 (COVID-19) vaccine, mRNA, spike protein, LNP, preservative free, 30 mcg/0.3mL dose"	"CVX"	"covid-19"						"covid-19 mRNA"					
"40213251"	"varicella virus vaccine"	"CVX"				"varicella"								
"724905"	"SARS-COV-2 (COVID-19) vaccine, vector non-replicating, recombinant spike protein-ChAdOx1, preservative free, 0.5 mL"	"CVX"	"covid-19"						"covid-19 vector"					
"702866"	"SARS-COV-2 (COVID-19) vaccine, vector non-replicating, recombinant spike protein-Ad26, preservative free, 0.5 mL"	"CVX"	"covid-19"						"covid-19 vector"					
"724904"	"SARS-COV-2 (COVID-19) vaccine, UNSPECIFIED"	"CVX"	"covid-19"											
"40213292"	"DTP-Haemophilus influenzae type b conjugate vaccine"	"CVX"	"diphtheria"	"tetanus"	"pertussis"			"haemophilus influenza"						"haemophilus influenza conjugate"
"40213197"	"plague vaccine"	"CVX"	"plague"											
"40213268"	"anthrax vaccine"	"CVX"	"anthrax"											
"40213242"	"typhoid vaccine, live, oral"	"CVX"	"typhoid"						"typhoid live"					
"40213275"	"cholera vaccine, unspecified formulation"	"CVX"	"cholera"											
"40213280"	"diphtheria and tetanus toxoids, adsorbed for pediatric use"	"CVX"	"diphtheria"	"tetanus"					"diphtheria toxoid"	"tetanus toxoid"				
"40213301"	"hepatitis A vaccine, pediatric dosage, unspecified formulation"	"CVX"	"hepatitis a"											
"40213181"	"meningococcal polysaccharide vaccine (MPSV4)"	"CVX"	"meningococcal"						"meningococcal polysaccharide"					
"40213201"	"pneumococcal polysaccharide vaccine, 23 valent"	"CVX"	"pneumococcal"						"pneumococcal polysaccharide"					
"40213232"	"tetanus toxoid, adsorbed"	"CVX"		"tetanus"						"tetanus toxoid"				
"40213257"	"yellow fever vaccine"	"CVX"						"yellow fever"						
"40213224"	"rubella and mumps virus vaccine"	"CVX"		"rubella"	"mumps"									
"40213162"	"Japanese Encephalitis Vaccine SC"	"CVX"						"japanese encephalitis"						
"40213207"	"rabies vaccine, for intradermal injection"	"CVX"	"rabies"											
"40213243"	"typhoid vaccine, parenteral, other than acetone-killed, dried"	"CVX"	"typhoid"						"typhoid acetone-killed"					
"40213305"	"hepatitis B vaccine, adolescent/high risk infant dosage"	"CVX"					"hepatitis b"							
"40213306"	"hepatitis B vaccine, adult dosage"	"CVX"					"hepatitis b"							
"40213307"	"hepatitis B vaccine, dialysis patient dosage"	"CVX"					"hepatitis b"							
"40213308"	"hepatitis B vaccine, unspecified formulation"	"CVX"					"hepatitis b"							
"40213313"	"Haemophilus influenzae type b vaccine, PRP-D conjugate"	"CVX"						"haemophilus influenza"						"haemophilus influenza conjugate"
"40213312"	"Haemophilus influenzae type b vaccine, HbOC conjugate"	"CVX"						"haemophilus influenza"						"haemophilus influenza conjugate"
"40213315"	"Haemophilus influenzae type b vaccine, PRP-T conjugate"	"CVX"						"haemophilus influenza"						"haemophilus influenza conjugate"
"40213314"	"Haemophilus influenzae type b vaccine, PRP-OMP conjugate"	"CVX"						"haemophilus influenza"						"haemophilus influenza conjugate"
"40213287"	"DTaP-Haemophilus influenzae type b conjugate vaccine"	"CVX"	"diphtheria"	"tetanus"	"pertussis"			"haemophilus influenza"			"acellular pertussis"			"haemophilus influenza conjugate"
"40213317"	"Haemophilus influenzae type b conjugate and Hepatitis B vaccine"	"CVX"					"hepatitis b"	"haemophilus influenza"						"haemophilus influenza conjugate"
"40213296"	"hepatitis A vaccine, adult dosage"	"CVX"	"hepatitis a"											
"40213244"	"typhoid vaccine, parenteral, acetone-killed, dried (U.S. military)"	"CVX"	"typhoid"						"typhoid acetone-killed"					
"40213265"	"adenovirus vaccine, type 4, live, oral"	"CVX"						"adenovirus"						"adenovirus live"
"40213266"	"adenovirus vaccine, type 7, live, oral"	"CVX"						"adenovirus"						"adenovirus live"
"40213278"	"dengue fever vaccine"	"CVX"						"dengue"						
"40213294"	"hantavirus vaccine"	"CVX"												
"40213309"	"hepatitis C vaccine"	"CVX"						"hepatitis c"						
"40213310"	"hepatitis E vaccine"	"CVX"						"hepatitis e"						
"40213311"	"herpes simplex virus, type 2 vaccine"	"CVX"												
"40213320"	"human papilloma virus vaccine, quadrivalent"	"CVX"	"human papilomavirus"											
"40213164"	"Junin virus vaccine"	"CVX"												
"40213165"	"leishmaniasis vaccine"	"CVX"						"leishmaniasis"						
"40213166"	"leprosy vaccine"	"CVX"						"leprosy"						
"40213167"	"Lyme disease vaccine"	"CVX"												
"40213169"	"malaria vaccine"	"CVX"						"malaria"						
"40213171"	"melanoma vaccine"	"CVX"												
"40213194"	"parainfluenza-3 virus vaccine"	"CVX"						"parainfluenza"						
"40213204"	"Q fever vaccine"	"CVX"												
"40213210"	"rheumatic fever vaccine"	"CVX"												
"40213214"	"Rift Valley fever vaccine"	"CVX"												
"40213218"	"rotavirus, live, tetravalent vaccine"	"CVX"	"rotavirus"						"rotavirus live"					
"40213248"	"vaccinia (smallpox) vaccine"	"CVX"						"smallpox"						
"40213235"	"tick-borne encephalitis vaccine"	"CVX"						"tick-borne encephalitis"						
"40213241"	"tularemia vaccine"	"CVX"						"tularemia"						
"40213253"	"Venezuelan equine encephalitis, live, attenuated"	"CVX"						"Venezuelan equine encephalitis"						"Venezuelan equine encephalitis live"
"40213252"	"Venezuelan equine encephalitis, inactivated"	"CVX"						"Venezuelan equine encephalitis"						"Venezuelan equine encephalitis inactivated"
"40213267"	"adenovirus vaccine, unspecified formulation"	"CVX"						"adenovirus"						
"40213299"	"hepatitis A vaccine, pediatric/adolescent dosage, 2 dose schedule"	"CVX"	"hepatitis a"											
"40213300"	"hepatitis A vaccine, pediatric/adolescent dosage, 3 dose schedule"	"CVX"	"hepatitis a"											
"40213302"	"hepatitis A vaccine, unspecified formulation"	"CVX"	"hepatitis a"											
"40213158"	"influenza virus vaccine, unspecified formulation"	"CVX"						"influenza"						
"40213203"	"poliovirus vaccine, unspecified formulation"	"CVX"				"poliovirus"								
"40213209"	"rabies vaccine, unspecified formulation"	"CVX"	"rabies"											
"40213245"	"typhoid vaccine, unspecified formulation"	"CVX"	"typhoid"											
"40213254"	"Venezuelan equine encephalitis vaccine, unspecified formulation"	"CVX"						"Venezuelan equine encephalitis"						
"40213184"	"measles, mumps, rubella, and varicella virus vaccine"	"CVX"	"measles"	"rubella"	"mumps"	"varicella"								
"40213261"	"no vaccine administered"	"CVX"												
"46257714"	"Influenza virus vaccine, quadrivalent (IIV4), split virus, preservative free, for intradermal use"	"CPT4"						"influenza"						
"2722274"	"Immunization, active; rabies vaccine. (Deprecated)"	"CPT4"	"rabies"											
"2722272"	"Immunization, active; diphtheria, tetanus toxoids, and pertussis (DTP) and injectable poliomyelitis vaccine. (Deprecated)"	"CPT4"	"diphtheria"	"tetanus"	"pertussis"	"poliovirus"			"diphtheria toxoid"	"tetanus toxoid"	"whole cell pertussis"			
"2722273"	"Immunization, active; influenza virus vaccine. (Deprecated)"	"CPT4"						"influenza"						
"2722276"	"Immunization, active; hepatitis A vaccine. (Deprecated)"	"CPT4"	"hepatitis a"											
"2722277"	"Immunization, active; Hemophilus influenza B. (Deprecated)"	"CPT4"						"influenza"						
"2722280"	"Immunization, active, hepatitis B vaccine; 11-19 years. (Deprecated)"	"CPT4"					"hepatitis b"							
"46257761"	"Meningococcal recombinant lipoprotein vaccine, serogroup B (MenB-FHbp), 2 or 3 dose schedule, for intramuscular use"	"CPT4"	"meningococcal"						"meningococcal recombinant"					
"46257763"	"Diphtheria, tetanus toxoids, acellular pertussis vaccine, inactivated poliovirus vaccine, Haemophilus influenzae type b PRP-OMP conjugate vaccine, and hepatitis B vaccine (DTaP-IPV-Hib-HepB), for intramuscular use"	"CPT4"	"diphtheria"	"tetanus"	"pertussis"	"poliovirus"	"hepatitis b"	"haemophilus influenza"	"diphtheria toxoid"	"tetanus toxoid"	"acellular pertussis"	"poliovirus inactivated"		"haemophilus influenza conjugate"
"46257760"	"Meningococcal recombinant protein and outer membrane vesicle vaccine, serogroup B (MenB-4C), 2 dose schedule, for intramuscular use"	"CPT4"	"meningococcal"						"meningococcal recombinant"					
"46257428"	"Human Papillomavirus vaccine types 6, 11, 16, 18, 31, 33, 45, 52, 58, nonavalent (9vHPV), 2 or 3 dose schedule, for intramuscular use"	"CPT4"	"human papilomavirus"											
"725110"	"Influenza virus vaccine, quadrivalent (ccIIV4), derived from cell cultures, subunit, antibiotic free, 0.5 mL dosage, for intramuscular use"	"CPT4"						"influenza"						
"766238"	"Pfizer-Biontech Covid-19 Vaccine"	"CPT4"	"covid-19"											
"766239"	"Moderna Covid-19 Vaccine"	"CPT4"	"covid-19"											
"766241"	"Janssen Covid-19 Vaccine"	"CPT4"	"covid-19"											
"766240"	"AstraZeneca Covid-19 Vaccine"	"CPT4"	"covid-19"											
"766234"	"Moderna Covid-19 Vaccine Administration - Second Dose"	"CPT4"	"covid-19"											
"766235"	"Janssen Covid-19 Vaccine Administration"	"CPT4"	"covid-19"											
"766236"	"AstraZeneca Covid-19 Vaccine Administration - First Dose"	"CPT4"	"covid-19"											
"766237"	"AstraZeneca Covid-19 Vaccine Administration - Second Dose"	"CPT4"	"covid-19"											
"766231"	"Pfizer-Biontech Covid-19 Vaccine Administration - First Dose"	"CPT4"	"covid-19"											
"766232"	"Pfizer-Biontech Covid-19 Vaccine Administration - Second Dose"	"CPT4"	"covid-19"											
"766233"	"Moderna Covid-19 Vaccine Administration - First Dose"	"CPT4"	"covid-19"											
"43527980"	"Influenza vaccine, inactivated (IIV), subunit, adjuvanted, for intramuscular use"	"CPT4"						"influenza"						
"43527981"	"Influenza virus vaccine, quadrivalent, live (LAIV4), for intranasal use"	"CPT4"						"influenza"						"influenza live"
"43527982"	"Hepatitis B vaccine (HepB), adult dosage, 2 dose schedule, for intramuscular use"	"CPT4"					"hepatitis b"							
"40757097"	"Influenza virus vaccine (IIV), pandemic formulation, split virus, for intramuscular use"	"CPT4"						"influenza"						
"40757102"	"Meningococcal conjugate vaccine, serogroups C & Y and Haemophilus influenzae type b vaccine (Hib-MenCY), 4 dose schedule, when administered to children 6 weeks-18 months of age, for intramuscular use"	"CPT4"	"meningococcal"					"haemophilus influenza"	"meningococcal conjugate"					"haemophilus influenza conjugate"
"42742499"	"Influenza virus vaccine, trivalent (IIV3), split virus, preservative-free, for intradermal use"	"CPT4"						"influenza"						
"709848"	"Human papillomavirus (HPV), high-risk types (ie, 16, 18, 31, 33, 35, 39, 45, 51, 52, 56, 58, 59, 66, 68), male urine"	"CPT4"	"human papilomavirus"											
"42739375"	"Influenza virus vaccine, whole virus, for intramuscular or jet injection use (Deprecated)"	"CPT4"						"influenza"						
"45888486"	"Immunization Administration for Vaccines/Toxoids"	"CPT4"												
"42741643"	"Hepatitis B vaccine series recommended (HEP-C)"	"CPT4"					"hepatitis b"							
"42741641"	"Hepatitis A vaccine series recommended (HEP-C)"	"CPT4"	"hepatitis a"											
"44816518"	"Influenza virus vaccine, quadrivalent (IIV4), split virus, 0.5 mL dosage, for intramuscular use"	"CPT4"						"influenza"						
"44816520"	"Influenza virus vaccine, quadrivalent (IIV4), split virus, preservative free, 0.5 mL dosage, for intramuscular use"	"CPT4"						"influenza"						
"44816521"	"Influenza virus vaccine, quadrivalent (IIV4), split virus, preservative free, 0.25 mL dosage, for intramuscular use"	"CPT4"						"influenza"						
"44816519"	"Influenza virus vaccine, quadrivalent (IIV4), split virus, 0.25 mL dosage, for intramuscular use"	"CPT4"						"influenza"						
"40756887"	"Influenza virus vaccine, live (LAIV), pandemic formulation, for intranasal use"	"CPT4"						"influenza"						"influenza live"
"40756874"	"Influenza virus vaccine (IIV), pandemic formulation, split virus, preservative free, for intramuscular use"	"CPT4"						"influenza"						
"44816443"	"Influenza virus vaccine, trivalent (RIV3), derived from recombinant DNA, hemagglutinin (HA) protein only, preservative and antibiotic free, for intramuscular use"	"CPT4"						"influenza"						"influenza recomb"
"42739832"	"Cytomegalovirus, direct fluorescent antibody (DFA) (Deprecated)"	"CPT4"												
"40756945"	"H1N1 immunization administration (intramuscular, intranasal), including counseling when performed"	"CPT4"												
"42740674"	"Immunization administration younger than 8 years of age (includes percutaneous, intradermal, subcutaneous, or intramuscular injections) when the physician counsels the patient/family; first injection (single or combination vaccine/toxoid), per day"	"CPT4"												
"42740675"	"Immunization administration younger than 8 years of age (includes percutaneous, intradermal, subcutaneous, or intramuscular injections) when the physician counsels the patient/family; each additional injection (single or combination vaccine/toxoid), per d"	"CPT4"												
"42740676"	"Immunization administration younger than age 8 years (includes intranasal or oral routes of administration) when the physician counsels the patient/family; first administration (single or combination vaccine/toxoid), per day"	"CPT4"												
"42740677"	"Immunization administration younger than age 8 years (includes intranasal or oral routes of administration) when the physician counsels the patient/family; each additional administration (single or combination vaccine/toxoid), per day (List separately in "	"CPT4"												
"40756914"	"Immunization administration through 18 years of age via any route of administration, with counseling by physician or other qualified health care professional; first or only component of each vaccine or toxoid administered"	"CPT4"												
"42738311"	"Rubella and mumps virus vaccine, live, for subcutaneous use (Deprecated)"	"CPT4"		"rubella"	"mumps"									
"40756920"	"Immunization administration through 18 years of age via any route of administration, with counseling by physician or other qualified health care professional; each additional vaccine or toxoid component administered (List separately in addition to code fo"	"CPT4"												
"40756960"	"Influenza virus vaccine (IIV), pandemic formulation, split virus, adjuvanted, for intramuscular use"	"CPT4"						"influenza"						
"42628616"	"Zoster (shingles) vaccine (HZV), recombinant, subunit, adjuvanted, for intramuscular use"	"CPT4"				"varicella"						"varicella recombinant"		
"42628615"	"Dengue vaccine, quadrivalent, live, 3 dose schedule, for subcutaneous use"	"CPT4"						"dengue"						
"42628611"	"Influenza virus vaccine, quadrivalent (ccIIV4), derived from cell cultures, subunit, preservative and antibiotic free, 0.5 mL dosage, for intramuscular use"	"CPT4"						"influenza"						
"2213401"	"Diphtheria antitoxin, equine, any route"	"CPT4"	"diphtheria"						"diphtheria antitoxin"					
"2213418"	"Immunization administration (includes percutaneous, intradermal, subcutaneous, or intramuscular injections); 1 vaccine (single or combination vaccine/toxoid)"	"CPT4"												
"2213419"	"Immunization administration (includes percutaneous, intradermal, subcutaneous, or intramuscular injections); each additional vaccine (single or combination vaccine/toxoid) (List separately in addition to code for primary procedure)"	"CPT4"												
"2213424"	"Anthrax vaccine, for subcutaneous or intramuscular use"	"CPT4"	"anthrax"											
"2213427"	"Hepatitis A vaccine (HepA), adult dosage, for intramuscular use"	"CPT4"	"hepatitis a"											
"2213420"	"Immunization administration by intranasal or oral route; 1 vaccine (single or combination vaccine/toxoid)"	"CPT4"												
"2213421"	"Immunization administration by intranasal or oral route; each additional vaccine (single or combination vaccine/toxoid) (List separately in addition to code for primary procedure)"	"CPT4"												
"2213422"	"Adenovirus vaccine, type 4, live, for oral use"	"CPT4"						"adenovirus"						"adenovirus live"
"2213423"	"Adenovirus vaccine, type 7, live, for oral use"	"CPT4"						"adenovirus"						"adenovirus live"
"2213428"	"Hepatitis A vaccine (HepA), pediatric/adolescent dosage-2 dose schedule, for intramuscular use"	"CPT4"	"hepatitis a"											
"2213429"	"Hepatitis A vaccine (HepA), pediatric/adolescent dosage-3 dose schedule, for intramuscular use"	"CPT4"	"hepatitis a"											
"2213435"	"Human Papillomavirus vaccine, types 6, 11, 16, 18, quadrivalent (4vHPV), 3 dose schedule, for intramuscular use"	"CPT4"	"human papilomavirus"											
"2213436"	"Human Papillomavirus vaccine, types 16, 18, bivalent (2vHPV), 3 dose schedule, for intramuscular use"	"CPT4"	"human papilomavirus"											
"2213437"	"Influenza virus vaccine, trivalent (IIV3), split virus, preservative free, 0.25 mL dosage, for intramuscular use"	"CPT4"						"influenza"						
"2213438"	"Influenza virus vaccine, trivalent (IIV3), split virus, preservative free, 0.5 mL dosage, for intramuscular use"	"CPT4"						"influenza"						
"2213431"	"Hemophilus influenza b vaccine (Hib), HbOC conjugate (4 dose schedule), for intramuscular use"	"CPT4"						"influenza"						
"2213432"	"Hemophilus influenza b vaccine (Hib), PRP-D conjugate, for booster use only, intramuscular use"	"CPT4"						"influenza"						
"2213433"	"Haemophilus influenzae type b vaccine (Hib), PRP-OMP conjugate, 3 dose schedule, for intramuscular use"	"CPT4"						"haemophilus influenza"						"haemophilus influenza conjugate"
"2213434"	"Haemophilus influenzae type b vaccine (Hib), PRP-T conjugate, 4 dose schedule, for intramuscular use"	"CPT4"						"haemophilus influenza"						"haemophilus influenza conjugate"
"2213439"	"Influenza virus vaccine, trivalent (IIV3), split virus, 0.25 mL dosage, for intramuscular use"	"CPT4"						"influenza"						
"2213430"	"Hepatitis A and hepatitis B vaccine (HepA-HepB), adult dosage, for intramuscular use"	"CPT4"	"hepatitis a"				"hepatitis b"							
"710009"	"Meningococcal conjugate vaccine, serogroups A, C, W, Y, quadrivalent, tetanus toxoid carrier (MenACWY-TT), for intramuscular use"	"CPT4"	"meningococcal"						"meningococcal conjugate"					
"710010"	"Influenza virus vaccine, quadrivalent (aIIV4), inactivated, adjuvanted, preservative free, 0.5 mL dosage, for intramuscular use"	"CPT4"						"influenza"						
"927158"	"Influenza virus vaccine, quadrivalent (IIV4), inactivated, adjuvanted, preservative free, 0.25 mL dosage, for intramuscular use"	"CPT4"						"influenza"						
"2213446"	"Lyme disease vaccine, adult dosage, for intramuscular use"	"CPT4"												
"2213447"	"Pneumococcal conjugate vaccine, 7 valent, for intramuscular use"	"CPT4"	"pneumococcal"						"pneumococcal conjugate"					
"2213448"	"Pneumococcal conjugate vaccine, 13 valent (PCV13), for intramuscular use"	"CPT4"	"pneumococcal"						"pneumococcal conjugate"					
"2213449"	"Rabies vaccine, for intramuscular use"	"CPT4"	"rabies"											
"2213442"	"Influenza virus vaccine, trivalent, live (LAIV3), for intranasal use"	"CPT4"						"influenza"						"influenza live"
"2213443"	"Influenza virus vaccine, trivalent (ccIIV3), derived from cell cultures, subunit, preservative and antibiotic free, 0.5 mL dosage, for intramuscular use"	"CPT4"						"influenza"						
"2213445"	"Influenza virus vaccine, pandemic formulation, H1N1"	"CPT4"						"influenza"						
"2213440"	"Influenza virus vaccine, trivalent (IIV3), split virus, 0.5 mL dosage, for intramuscular use"	"CPT4"						"influenza"						
"2213457"	"Diphtheria, tetanus toxoids, acellular pertussis vaccine and inactivated poliovirus vaccine (DTaP-IPV), when administered to children 4 through 6 years of age, for intramuscular use"	"CPT4"	"diphtheria"	"tetanus"	"pertussis"	"poliovirus"			"diphtheria toxoid"	"tetanus toxoid"	"acellular pertussis"	"poliovirus inactivated"		
"2213458"	"Diphtheria, tetanus toxoids, acellular pertussis vaccine, Haemophilus influenzae type b, and inactivated poliovirus vaccine, (DTaP-IPV/Hib), for intramuscular use"	"CPT4"	"diphtheria"	"tetanus"	"pertussis"	"poliovirus"		"haemophilus influenza"	"diphtheria toxoid"	"tetanus toxoid"	"acellular pertussis"	"poliovirus inactivated"		
"2213459"	"Diphtheria, tetanus toxoids, and acellular pertussis vaccine (DTaP), when administered to individuals younger than 7 years, for intramuscular use"	"CPT4"	"diphtheria"	"tetanus"	"pertussis"				"diphtheria toxoid"	"tetanus toxoid"	"acellular pertussis"			
"2213453"	"Typhoid vaccine, live, oral"	"CPT4"	"typhoid"						"typhoid live"					
"2213454"	"Typhoid vaccine, Vi capsular polysaccharide (ViCPs), for intramuscular use"	"CPT4"	"typhoid"						"typhoid polysaccharide"					
"2213455"	"Typhoid vaccine, heat- and phenol-inactivated (H-P), for subcutaneous or intradermal use"	"CPT4"	"typhoid"											
"2213456"	"Typhoid vaccine, acetone-killed, dried (AKD), for subcutaneous use (U.S. military)"	"CPT4"	"typhoid"						"typhoid acetone-killed"					
"2213450"	"Rabies vaccine, for intradermal use"	"CPT4"	"rabies"											
"2213451"	"Rotavirus vaccine, pentavalent (RV5), 3 dose schedule, live, for oral use"	"CPT4"	"rotavirus"						"rotavirus live"					
"2213452"	"Rotavirus vaccine, human, attenuated (RV1), 2 dose schedule, live, for oral use"	"CPT4"	"rotavirus"						"rotavirus live"					
"2213469"	"Measles, mumps, rubella, and varicella vaccine (MMRV), live, for subcutaneous use"	"CPT4"	"measles"	"rubella"	"mumps"	"varicella"						"varicella live"		
"42628541"	"Influenza virus vaccine, quadrivalent (RIV4), derived from recombinant DNA, hemagglutinin (HA) protein only, preservative and antibiotic free, for intramuscular use"	"CPT4"						"influenza"						"influenza recomb"
"2213464"	"Measles virus vaccine, live, for subcutaneous use"	"CPT4"	"measles"											
"2213465"	"Rubella virus vaccine, live, for subcutaneous use"	"CPT4"		"rubella"										
"2213466"	"Measles, mumps and rubella virus vaccine (MMR), live, for subcutaneous use"	"CPT4"	"measles"	"rubella"	"mumps"									
"42628540"	"Cholera vaccine, live, adult dosage, 1 dose schedule, for oral use"	"CPT4"	"cholera"											
"2213467"	"Measles and rubella virus vaccine, live, for subcutaneous use"	"CPT4"	"measles"	"rubella"										
"2213460"	"Diphtheria, tetanus toxoids, and whole cell pertussis vaccine (DTP), for intramuscular use"	"CPT4"	"diphtheria"	"tetanus"	"pertussis"				"diphtheria toxoid"	"tetanus toxoid"	"whole cell pertussis"			
"2213461"	"Diphtheria and tetanus toxoids adsorbed (DT) when administered to individuals younger than 7 years, for intramuscular use"	"CPT4"	"diphtheria"	"tetanus"					"diphtheria toxoid"	"tetanus toxoid"				
"2213462"	"Tetanus toxoid adsorbed, for intramuscular use"	"CPT4"		"tetanus"						"tetanus toxoid"				
"2213463"	"Mumps virus vaccine, live, for subcutaneous use"	"CPT4"			"mumps"									
"2213479"	"Diphtheria, tetanus toxoids, and acellular pertussis vaccine and Hemophilus influenza B vaccine (DTaP/Hib), for intramuscular use"	"CPT4"	"diphtheria"	"tetanus"	"pertussis"			"influenza"	"diphtheria toxoid"	"tetanus toxoid"	"acellular pertussis"			
"2213475"	"Yellow fever vaccine, live, for subcutaneous use"	"CPT4"						"yellow fever"						
"2213476"	"Tetanus and diphtheria toxoids (Td) adsorbed when administered to individuals 7 years or older, for intramuscular use"	"CPT4"	"diphtheria"	"tetanus"					"diphtheria toxoid"	"tetanus toxoid"				
"2213477"	"Diphtheria toxoid, for intramuscular use"	"CPT4"	"diphtheria"						"diphtheria toxoid"					
"2213478"	"Diphtheria, tetanus toxoids, and whole cell pertussis vaccine and Hemophilus influenza B vaccine (DTP-Hib), for intramuscular use"	"CPT4"	"diphtheria"	"tetanus"	"pertussis"			"influenza"	"diphtheria toxoid"	"tetanus toxoid"	"whole cell pertussis"			
"2213471"	"Poliovirus vaccine, inactivated (IPV), for subcutaneous or intramuscular use"	"CPT4"				"poliovirus"						"poliovirus inactivated"		
"2213472"	"Tetanus and diphtheria toxoids adsorbed (Td), preservative free, when administered to individuals 7 years or older, for intramuscular use"	"CPT4"	"diphtheria"	"tetanus"					"diphtheria toxoid"	"tetanus toxoid"				
"2213473"	"Tetanus, diphtheria toxoids and acellular pertussis vaccine (Tdap), when administered to individuals 7 years or older, for intramuscular use"	"CPT4"	"diphtheria"	"tetanus"	"pertussis"				"diphtheria toxoid"	"tetanus toxoid"	"acellular pertussis"			
"2213474"	"Varicella virus vaccine (VAR), live, for subcutaneous use"	"CPT4"				"varicella"						"varicella live"		
"2213470"	"Poliovirus vaccine, (any type[s]) (OPV), live, for oral use"	"CPT4"				"poliovirus"						"poliovirus live"		
"2213486"	"Japanese encephalitis virus vaccine, for subcutaneous use"	"CPT4"						"japanese encephalitis"						
"2213487"	"Zoster (shingles) vaccine (HZV), live, for subcutaneous injection"	"CPT4"				"varicella"						"varicella live"		
"2213488"	"Japanese encephalitis virus vaccine, inactivated, for intramuscular use"	"CPT4"						"japanese encephalitis"						
"2213482"	"Plague vaccine, for intramuscular use"	"CPT4"	"plague"											
"2213484"	"Meningococcal polysaccharide vaccine, serogroups A, C, Y, W-135, quadrivalent (MPSV4), for subcutaneous use"	"CPT4"	"meningococcal"						"meningococcal polysaccharide"					
"2213485"	"Meningococcal conjugate vaccine, serogroups A, C, W, Y, quadrivalent, diphtheria toxoid carrier (MenACWY-D) or CRM197 carrier (MenACWY-CRM), for intramuscular use"	"CPT4"	"meningococcal"						"meningococcal conjugate"					
"2213480"	"Diphtheria, tetanus toxoids, acellular pertussis vaccine, hepatitis B, and inactivated poliovirus vaccine (DTaP-HepB-IPV), for intramuscular use"	"CPT4"	"diphtheria"	"tetanus"	"pertussis"	"poliovirus"	"hepatitis b"		"diphtheria toxoid"	"tetanus toxoid"	"acellular pertussis"	"poliovirus inactivated"		
"2213481"	"Cholera vaccine for injectable use"	"CPT4"	"cholera"											
"2213494"	"Hepatitis B and Haemophilus influenzae type b vaccine (Hib-HepB), for intramuscular use"	"CPT4"					"hepatitis b"	"haemophilus influenza"						
"2213495"	"Unlisted vaccine/toxoid"	"CPT4"												
"2213490"	"Hepatitis B vaccine (HepB), adolescent, 2 dose schedule, for intramuscular use"	"CPT4"					"hepatitis b"							
"2213491"	"Hepatitis B vaccine (HepB), pediatric/adolescent dosage, 3 dose schedule, for intramuscular use"	"CPT4"					"hepatitis b"							
"2213492"	"Hepatitis B vaccine (HepB), adult dosage, 3 dose schedule, for intramuscular use"	"CPT4"					"hepatitis b"							
"42628444"	"State supplied vaccine"	"CPT4"												
"45890022"	"Vaccines, Toxoids"	"CPT4"												
"2617177"	"Administration of influenza virus vaccine"	"HCPCS"						"influenza"						
"2617178"	"Administration of pneumococcal vaccine"	"HCPCS"	"pneumococcal"											
"2617179"	"Administration of hepatitis b vaccine"	"HCPCS"					"hepatitis b"							
"40218346"	"Immunization administration (includes percutaneous, intradermal, subcutaneous, intramuscular and jet injections); each additional vaccine (single or combination vaccine/toxoid) list separately in addition to code for primary procedure"	"HCPCS"												
"40218360"	"Intranasal or oral administration; one vaccine (single or combination vaccine/toxoid)"	"HCPCS"												
"2617451"	"ADMINISTRATION OF VACCINE FOR PART D DRUG"	"HCPCS"												
"40217234"	"Patient received at least one td vaccine or one tdap vaccine between nine years prior to the start of the measurement period and the end of the measurement period"	"HCPCS"	"diphtheria"	"tetanus"							"acellular pertussis"			
"40217233"	"Patient had history of at least one of the following contraindications any time during or before the measurement period: anaphylaxis due to tdap vaccine, anaphylaxis due to td vaccine or its components; encephalopathy due to tdap or td vaccination (pos..."	"HCPCS"	"diphtheria"	"tetanus"							"acellular pertussis"			
"40217230"	"Patients received both the 13-valent pneumococcal conjugate vaccine and the 23-valent pneumococcal polysaccharide vaccine at least 12 months apart, with the first occurrence after the age of 60 before or during the measurement period"	"HCPCS"	"pneumococcal"						"pneumococcal polysaccharide"					
"40217228"	"Patient had prior pneumococcal vaccine adverse reaction any time during or before the measurement period"	"HCPCS"	"pneumococcal"											
"40217226"	"Patient received at least one dose of the herpes zoster live vaccine or two doses of the herpes zoster recombinant vaccine (at least 28 days apart) anytime on or after the patient's 50th birthday before or during the measurement period"	"HCPCS"				"varicella"						"varicella live"		
"40217225"	"Patient had prior adverse reaction caused by zoster vaccine or its components any time during or before the measurement period"	"HCPCS"				"varicella"								
"40217223"	"Patient received an influenza vaccine on or between july 1 of the year prior to the measurement period and june 30 of the measurement period"	"HCPCS"						"influenza"						
"40217222"	"Patient had a prior influenza virus vaccine adverse reaction any time before or during the measurement period"	"HCPCS"						"influenza"						
"40662774"	"Influenza a (H1N1) immunization administration (includes the physician counseling the patient/family)"	"HCPCS"						"influenza"						
"40663275"	"Influenza a (H1N1) vaccine, any route of administration"	"HCPCS"						"influenza"						
"2718653"	"Nasal vaccine inhalation"	"HCPCS"												
"40217694"	"Admin of influenza vaccine"	"HCPCS"						"influenza"						
"44786606"	"Influenza vaccine, recombinant hemagglutinin antigens, for intramuscular use (Flublok)"	"HCPCS"						"influenza"						"influenza recomb"
"43533288"	"Influenza virus vaccine, split virus, for intramuscular use (agriflu)"	"HCPCS"						"influenza"						
"40664557"	"Influenza virus vaccine, split virus, when administered to individuals 3 years of age and older, for intramuscular use (afluria)"	"HCPCS"						"influenza"						
"40664421"	"Influenza virus vaccine, split virus, when administered to individuals 3 years of age and older, for intramuscular use (flulaval)"	"HCPCS"						"influenza"						
"40664566"	"Influenza virus vaccine, split virus, when administered to individuals 3 years of age and older, for intramuscular use (fluvirin)"	"HCPCS"						"influenza"						
"40664532"	"Influenza virus vaccine, split virus, when administered to individuals 3 years of age and older, for intramuscular use (fluzone)"	"HCPCS"						"influenza"						
"40664584"	"Influenza virus vaccine, not otherwise specified"	"HCPCS"						"influenza"						
"40218609"	"injection, hepatitis B vaccine, adult, per dose"	"HCPCS"					"hepatitis b"							
"2721008"	"Pneumococcal conjugate vaccine, polyvalent, intramuscular, for children from five years to nine years of age who have not previously received the vaccine"	"HCPCS"	"pneumococcal"						"pneumococcal conjugate"					
"2872460"	"Administration @ Physiological Systems and Anatomical Regions @ Introduction @ Skin and Mucous Membranes @ External @ Serum, Toxoid and Vaccine"	"ICD10PCS"												
"2785961"	"Introduction of Serum, Toxoid and Vaccine into Skin and Mucous Membranes, External Approach"	"ICD10PCS"												
"2885589"	"Administration @ Physiological Systems and Anatomical Regions @ Introduction @ Subcutaneous Tissue @ Percutaneous @ Serum, Toxoid and Vaccine"	"ICD10PCS"												
"43018333"	"Introduction of Influenza Vaccine into Subcutaneous Tissue, Percutaneous Approach"	"ICD10PCS"						"influenza"						
"2785975"	"Introduction of Serum, Toxoid and Vaccine into Subcutaneous Tissue, Percutaneous Approach"	"ICD10PCS"												
"2880390"	"Administration @ Physiological Systems and Anatomical Regions @ Introduction @ Muscle @ Percutaneous @ Serum, Toxoid and Vaccine"	"ICD10PCS"												
"1531633"	"Introduction of Influenza Vaccine into Muscle, Percutaneous Approach"	"ICD10PCS"						"influenza"						
"2786181"	"Introduction of Serum, Toxoid and Vaccine into Muscle, Percutaneous Approach"	"ICD10PCS"												
"2841334"	"Administration @ Physiological Systems and Anatomical Regions @ Introduction @ Peripheral Vein @ Open @ Serum, Toxoid and Vaccine"	"ICD10PCS"												
"2786200"	"Introduction of Serum, Toxoid and Vaccine into Peripheral Vein, Open Approach"	"ICD10PCS"												
"2828447"	"Administration @ Physiological Systems and Anatomical Regions @ Introduction @ Peripheral Vein @ Percutaneous @ Serum, Toxoid and Vaccine"	"ICD10PCS"												
"2786230"	"Introduction of Serum, Toxoid and Vaccine into Peripheral Vein, Percutaneous Approach"	"ICD10PCS"												
"2841335"	"Administration @ Physiological Systems and Anatomical Regions @ Introduction @ Central Vein @ Open @ Serum, Toxoid and Vaccine"	"ICD10PCS"												
"2786452"	"Introduction of Serum, Toxoid and Vaccine into Central Vein, Open Approach"	"ICD10PCS"												
"2893421"	"Administration @ Physiological Systems and Anatomical Regions @ Introduction @ Central Vein @ Percutaneous @ Serum, Toxoid and Vaccine"	"ICD10PCS"												
"2786480"	"Introduction of Serum, Toxoid and Vaccine into Central Vein, Percutaneous Approach"	"ICD10PCS"												
"2899307"	"Administration @ Physiological Systems and Anatomical Regions @ Introduction @ Peripheral Artery @ Open @ Serum, Toxoid and Vaccine"	"ICD10PCS"												
"2786699"	"Introduction of Serum, Toxoid and Vaccine into Peripheral Artery, Open Approach"	"ICD10PCS"												
"2846021"	"Administration @ Physiological Systems and Anatomical Regions @ Introduction @ Peripheral Artery @ Percutaneous @ Serum, Toxoid and Vaccine"	"ICD10PCS"												
"2786727"	"Introduction of Serum, Toxoid and Vaccine into Peripheral Artery, Percutaneous Approach"	"ICD10PCS"												
"2893428"	"Administration @ Physiological Systems and Anatomical Regions @ Introduction @ Central Artery @ Open @ Serum, Toxoid and Vaccine"	"ICD10PCS"												
"2786945"	"Introduction of Serum, Toxoid and Vaccine into Central Artery, Open Approach"	"ICD10PCS"												
"2800507"	"Administration @ Physiological Systems and Anatomical Regions @ Introduction @ Central Artery @ Percutaneous @ Serum, Toxoid and Vaccine"	"ICD10PCS"												
"2786973"	"Introduction of Serum, Toxoid and Vaccine into Central Artery, Percutaneous Approach"	"ICD10PCS"												
"2828582"	"Administration @ Physiological Systems and Anatomical Regions @ Introduction @ Nose @ Percutaneous @ Serum, Toxoid and Vaccine"	"ICD10PCS"												
"2787213"	"Introduction of Serum, Toxoid and Vaccine into Nose, Percutaneous Approach"	"ICD10PCS"												
"2800511"	"Administration @ Physiological Systems and Anatomical Regions @ Introduction @ Nose @ Via Natural or Artificial Opening @ Serum, Toxoid and Vaccine"	"ICD10PCS"												
"2787225"	"Introduction of Serum, Toxoid and Vaccine into Nose, Via Natural or Artificial Opening"	"ICD10PCS"												
"2846028"	"Administration @ Physiological Systems and Anatomical Regions @ Introduction @ Nose @ External @ Serum, Toxoid and Vaccine"	"ICD10PCS"												
"2787237"	"Introduction of Serum, Toxoid and Vaccine into Nose, External Approach"	"ICD10PCS"												
"2813390"	"Administration @ Physiological Systems and Anatomical Regions @ Introduction @ Mouth and Pharynx @ Percutaneous @ Serum, Toxoid and Vaccine"	"ICD10PCS"												
"2787718"	"Introduction of Serum, Toxoid and Vaccine into Mouth and Pharynx, Percutaneous Approach"	"ICD10PCS"												
"2820707"	"Administration @ Physiological Systems and Anatomical Regions @ Introduction @ Mouth and Pharynx @ Via Natural or Artificial Opening @ Serum, Toxoid and Vaccine"	"ICD10PCS"												
"2787734"	"Introduction of Serum, Toxoid and Vaccine into Mouth and Pharynx, Via Natural or Artificial Opening"	"ICD10PCS"												
"2859283"	"Administration @ Physiological Systems and Anatomical Regions @ Introduction @ Mouth and Pharynx @ External @ Serum, Toxoid and Vaccine"	"ICD10PCS"												
"2787750"	"Introduction of Serum, Toxoid and Vaccine into Mouth and Pharynx, External Approach"	"ICD10PCS"												
"42639775"	"Introduction of COVID-19 vaccine dose 1 into subcutaneous tissue, percutaneous approach, new technology group 6"	"ICD10PCS"	"covid-19"											
"42639776"	"Introduction of COVID-19 vaccine dose 2 into subcutaneous tissue, percutaneous approach, new technology group 6"	"ICD10PCS"	"covid-19"											
"42639777"	"Introduction of COVID-19 vaccine into subcutaneous tissue, percutaneous approach, new technology group 6"	"ICD10PCS"	"covid-19"											
"42639778"	"Introduction of COVID-19 vaccine dose 1 into muscle, percutaneous approach, new technology group 6"	"ICD10PCS"	"covid-19"											
"42639779"	"Introduction of COVID-19 vaccine dose 2 into muscle, percutaneous approach, new technology group 6"	"ICD10PCS"	"covid-19"											
"42639780"	"Introduction of COVID-19 vaccine into muscle, percutaneous approach, new technology group 6"	"ICD10PCS"	"covid-19"											
"2008288"	"Vaccination against typhoid and paratyphoid fever"	"ICD9Proc"	"typhoid"											
"2008291"	"Vaccination against tularemia"	"ICD9Proc"						"tularemia"						
"2008312"	"Administration of diphtheria toxoid"	"ICD9Proc"	"diphtheria"						"diphtheria toxoid"					
"2008313"	"Vaccination against pertussis"	"ICD9Proc"			"pertussis"									
"2008314"	"Administration of tetanus toxoid"	"ICD9Proc"		"tetanus"						"tetanus toxoid"				
"2008315"	"Administration of diphtheria-tetanus-pertussis, combined"	"ICD9Proc"	"diphtheria"	"tetanus"	"pertussis"									
"2008317"	"Administration of poliomyelitis vaccine"	"ICD9Proc"				"poliovirus"								
"2008319"	"Vaccination against yellow fever"	"ICD9Proc"						"yellow fever"						
"2008320"	"Vaccination against rabies"	"ICD9Proc"	"rabies"											
"2008321"	"Vaccination against measles"	"ICD9Proc"	"measles"											
"2008332"	"Vaccination against mumps"	"ICD9Proc"			"mumps"									
"2008333"	"Vaccination against rubella"	"ICD9Proc"		"rubella"										
"2008334"	"Administration of measles-mumps-rubella vaccine"	"ICD9Proc"	"measles"	"rubella"	"mumps"									
"2008337"	"Prophylactic vaccination against influenza"	"ICD9Proc"						"influenza"						
"2008338"	"Prophylactic vaccination against arthropod-borne viral encephalitis"	"ICD9Proc"												
"2008340"	"Prophylactic administration of vaccine against other diseases"	"ICD9Proc"												
"2008341"	"Administration of tetanus antitoxin"	"ICD9Proc"		"tetanus"										
